{"$schema":"http://schema.management.azure.com/schemas/2015-01-01/deploymentTemplate.json#","contentVersion":"1.0.0.0","parameters":{"factoryName":{"type":"string","metadata":"Nome do Data Factory"},"AzureDatabricks17":{"type":"string"},"AzureDatabricks18":{"type":"string"},"Http_API_EventoLuizSapori":{"type":"string"},"AzureBlobStorage14":{"type":"string"},"LuizSaporiMuseusHTTP":{"type":"string"},"AzureBlobStorage19":{"type":"string"},"HttpServer10":{"type":"string"},"AzureBlobStorage21":{"type":"string"}},"variables":{"factoryId":"[concat('Microsoft.DataFactory/factories/', parameters('factoryName'))]"},"resources":[{"name":"[concat(parameters('factoryName'), '/SaporiLab4')]","type":"Microsoft.DataFactory/factories/pipelines","apiVersion":"2018-06-01","properties":{"activities":[{"name":"Eventos","description":"Extrair Dados da API no formato Json Eventos.","type":"Copy","dependsOn":[],"policy":{"timeout":"0.12:00:00","retry":0,"retryIntervalInSeconds":30,"secureOutput":false,"secureInput":false},"userProperties":[],"typeProperties":{"source":{"type":"JsonSource","storeSettings":{"type":"HttpReadSettings","requestMethod":"GET"},"formatSettings":{"type":"JsonReadSettings"}},"sink":{"type":"JsonSink","storeSettings":{"type":"AzureBlobStorageWriteSettings"},"formatSettings":{"type":"JsonWriteSettings"}},"enableStaging":false},"inputs":[{"referenceName":"LuizSapori_jsonEventos","type":"DatasetReference","parameters":{}}],"outputs":[{"referenceName":"SaporiEventos","type":"DatasetReference","parameters":{}}]},{"name":"Museus","type":"Copy","dependsOn":[],"policy":{"timeout":"0.12:00:00","retry":0,"retryIntervalInSeconds":30,"secureOutput":false,"secureInput":false},"userProperties":[],"typeProperties":{"source":{"type":"JsonSource","storeSettings":{"type":"HttpReadSettings","requestMethod":"GET"},"formatSettings":{"type":"JsonReadSettings"}},"sink":{"type":"JsonSink","storeSettings":{"type":"AzureBlobStorageWriteSettings"},"formatSettings":{"type":"JsonWriteSettings"}},"enableStaging":false},"inputs":[{"referenceName":"LuizSaporiMuseus","type":"DatasetReference","parameters":{}}],"outputs":[{"referenceName":"SaporiMuseus04","type":"DatasetReference","parameters":{}}]},{"name":"Notebook_Eventos","type":"DatabricksNotebook","dependsOn":[{"activity":"Eventos","dependencyConditions":["Succeeded"]},{"activity":"Ocorrencias","dependencyConditions":["Succeeded"]}],"policy":{"timeout":"0.12:00:00","retry":0,"retryIntervalInSeconds":30,"secureOutput":false,"secureInput":false},"userProperties":[],"typeProperties":{"notebookPath":"/Users/luiz.sapori@blueshift.com.br/Lab4_LuizSapori_Eventos"},"linkedServiceName":{"referenceName":"[parameters('AzureDatabricks17')]","type":"LinkedServiceReference"}},{"name":"Notebook_Museus","type":"DatabricksNotebook","dependsOn":[{"activity":"Museus","dependencyConditions":["Succeeded"]}],"policy":{"timeout":"0.12:00:00","retry":0,"retryIntervalInSeconds":30,"secureOutput":false,"secureInput":false},"userProperties":[],"typeProperties":{"notebookPath":"/Users/luiz.sapori@blueshift.com.br/Lab4_LuizSapori"},"linkedServiceName":{"referenceName":"[parameters('AzureDatabricks18')]","type":"LinkedServiceReference"}},{"name":"Ocorrencias","description":"Extrair Dados da API no formato Json Eventos.","type":"Copy","dependsOn":[],"policy":{"timeout":"0.12:00:00","retry":0,"retryIntervalInSeconds":30,"secureOutput":false,"secureInput":false},"userProperties":[],"typeProperties":{"source":{"type":"JsonSource","storeSettings":{"type":"HttpReadSettings","requestMethod":"GET"},"formatSettings":{"type":"JsonReadSettings"}},"sink":{"type":"JsonSink","storeSettings":{"type":"AzureBlobStorageWriteSettings"},"formatSettings":{"type":"JsonWriteSettings"}},"enableStaging":false},"inputs":[{"referenceName":"sapori_ocrrencias_json","type":"DatasetReference","parameters":{}}],"outputs":[{"referenceName":"Sapori_lab04_Json","type":"DatasetReference","parameters":{}}]}],"policy":{"elapsedTimeMetric":{},"cancelAfter":{}},"folder":{"name":"LuizSapori"},"annotations":[],"lastPublishTime":"2022-11-07T20:00:40Z"},"dependsOn":["[concat(variables('factoryId'), '/datasets/LuizSapori_jsonEventos')]","[concat(variables('factoryId'), '/datasets/SaporiEventos')]","[concat(variables('factoryId'), '/datasets/LuizSaporiMuseus')]","[concat(variables('factoryId'), '/datasets/SaporiMuseus04')]","[concat(variables('factoryId'), '/datasets/sapori_ocrrencias_json')]","[concat(variables('factoryId'), '/datasets/Sapori_lab04_Json')]"]},{"name":"[concat(parameters('factoryName'), '/LuizSapori_jsonEventos')]","type":"Microsoft.DataFactory/factories/datasets","apiVersion":"2018-06-01","properties":{"linkedServiceName":{"referenceName":"[parameters('Http_API_EventoLuizSapori')]","type":"LinkedServiceReference"},"annotations":[],"type":"Json","typeProperties":{"location":{"type":"HttpServerLocation","relativeUrl":"/api/event/find?@select=classificacaoEtaria, descricaoSonora, id, longDescription, name, shortDescription, site, subTitle, telefonePublico, traducaoLibras"}},"schema":{}},"dependsOn":[]},{"name":"[concat(parameters('factoryName'), '/SaporiEventos')]","type":"Microsoft.DataFactory/factories/datasets","apiVersion":"2018-06-01","properties":{"linkedServiceName":{"referenceName":"[parameters('AzureBlobStorage14')]","type":"LinkedServiceReference"},"annotations":[],"type":"Json","typeProperties":{"location":{"type":"AzureBlobStorageLocation","fileName":"Eventos","folderPath":"lab4/Eventos","container":"luizsapori"}},"schema":{"type":"object","properties":{"id":{"type":"integer"},"name":{"type":"string"},"location":{"type":"object","properties":{"latitude":{"type":"string"},"longitude":{"type":"string"}}},"longDescription":{"type":"string"},"shortDescription":{"type":"string"},"acessibilidade":{"type":"string"},"horario":{"type":"string"},"telefonePublico":{"type":"string"},"endereco":{"type":"string"},"En_Municipio":{"type":"string"},"En_Estado":{"type":"string"},"mus_ingresso_cobrado":{"type":"string"},"mus_tipo_tematica":{"type":"string"},"Formulário de Visitação Anual - 2014":{"type":"string"},"Formulário de Visitação Anual - 2015":{"type":"string"},"Formulário de Visitação Anual - 2016":{"type":"string"},"Formulário de Visitação Anual - 2017":{"type":"string"},"Formulário de Visitação Anual - 2018":{"type":"string"},"Registro de Museus":{"type":"string"},"Museu Cadastrado":{"type":"string"}}}},"dependsOn":[]},{"name":"[concat(parameters('factoryName'), '/LuizSaporiMuseus')]","type":"Microsoft.DataFactory/factories/datasets","apiVersion":"2018-06-01","properties":{"linkedServiceName":{"referenceName":"[parameters('LuizSaporiMuseusHTTP')]","type":"LinkedServiceReference"},"annotations":[],"type":"Json","typeProperties":{"location":{"type":"HttpServerLocation","relativeUrl":"/api/space/find?@select=id,name,En_Nome_Logradouro,En_Municipio,En_Estado,longDescription,shortDescription,location,esfera,telefonePublico"}},"schema":{}},"dependsOn":[]},{"name":"[concat(parameters('factoryName'), '/SaporiMuseus04')]","type":"Microsoft.DataFactory/factories/datasets","apiVersion":"2018-06-01","properties":{"linkedServiceName":{"referenceName":"[parameters('AzureBlobStorage19')]","type":"LinkedServiceReference"},"annotations":[],"type":"Json","typeProperties":{"location":{"type":"AzureBlobStorageLocation","fileName":"Museus.json","folderPath":"lab4","container":"luizsapori"}},"schema":{"type":"object","properties":{"id":{"type":"integer"},"name":{"type":"string"},"location":{"type":"object","properties":{"latitude":{"type":"string"},"longitude":{"type":"string"}}},"longDescription":{"type":"string"},"shortDescription":{"type":"string"},"acessibilidade":{"type":"string"},"horario":{"type":"string"},"telefonePublico":{"type":"string"},"endereco":{"type":"string"},"En_Municipio":{"type":"string"},"En_Estado":{"type":"string"},"mus_ingresso_cobrado":{"type":"string"},"mus_tipo_tematica":{"type":"string"},"Formulário de Visitação Anual - 2014":{"type":"string"},"Formulário de Visitação Anual - 2015":{"type":"string"},"Formulário de Visitação Anual - 2016":{"type":"string"},"Formulário de Visitação Anual - 2017":{"type":"string"},"Formulário de Visitação Anual - 2018":{"type":"string"},"Registro de Museus":{"type":"string"},"Museu Cadastrado":{"type":"string"}}}},"dependsOn":[]},{"name":"[concat(parameters('factoryName'), '/sapori_ocrrencias_json')]","type":"Microsoft.DataFactory/factories/datasets","apiVersion":"2018-06-01","properties":{"linkedServiceName":{"referenceName":"[parameters('HttpServer10')]","type":"LinkedServiceReference"},"annotations":[],"type":"Json","typeProperties":{"location":{"type":"HttpServerLocation","relativeUrl":"api/event/find/?@select=occurrences.*"}},"schema":{}},"dependsOn":[]},{"name":"[concat(parameters('factoryName'), '/Sapori_lab04_Json')]","type":"Microsoft.DataFactory/factories/datasets","apiVersion":"2018-06-01","properties":{"linkedServiceName":{"referenceName":"[parameters('AzureBlobStorage21')]","type":"LinkedServiceReference"},"annotations":[],"type":"Json","typeProperties":{"location":{"type":"AzureBlobStorageLocation","fileName":"ocorrencias.json","folderPath":"lab4","container":"luizsapori"}},"schema":{"type":"object","properties":{"id":{"type":"integer"},"name":{"type":"string"},"longDescription":{"type":"string"},"shortDescription":{"type":"string"},"location":{"type":"object","properties":{"latitude":{"type":"string"},"longitude":{"type":"string"}}},"telefonePublico":{"type":"string"},"En_Nome_Logradouro":{"type":"string"},"En_Municipio":{"type":"string"},"En_Estado":{"type":"string"},"esfera":{"type":"string"},"Formulário de Visitação Anual - 2014":{"type":"string"},"Formulário de Visitação Anual - 2015":{"type":"string"},"Formulário de Visitação Anual - 2016":{"type":"string"},"Formulário de Visitação Anual - 2017":{"type":"string"},"Formulário de Visitação Anual - 2018":{"type":"string"},"Registro de Museus":{"type":"string"},"Museu Cadastrado":{"type":"string"}}}},"dependsOn":[]}]}